CORAL_NUM,GENOTYPE,TREATMENT,TANK_NUM,endo_per_cm2,chla_ug_cm2,mean_tissue_biomass,GP,R,pH_mean,DOC_mean
1,T,Coral_Dom,7,NA,0.966409220552346,NA,1.878661130893464,0.7813351310947251,8.040484016124932,120.077097918
2,M,Algae_Dom,13,NA,2.9593391835382663,NA,2.8227652773630454,0.9158293506496428,8.05405603436128,114.140655155
6,J,Algae_Dom,1,0.26861837072917866,1.6561909428698578,6.52507023267338,2.8960114018764544,0.8359549845507079,8.039743713602704,162.42704423
8,J,Coral_Dom,6,0.16809013129626896,1.3073809374918612,9.26149276202012,2.0447342444637653,0.5238547612253205,8.044577585126033,115.650420031
10,G,Coral_Dom,9,0.6419405977860237,3.402736479094264,18.96813626348229,4.113936260845545,1.2271126432996622,8.052154246251016,124.865744715
11,M,Control,3,0.7400478135083739,2.6531761712440636,14.22286560369472,NA,0.6559079810162786,8.032022537102531,141.46240436600002
13,U,Rubble_Dom,5,0.7423689095274956,2.6292232212432136,NA,3.647590325986082,1.2365280188247727,8.031325593128724,109.344693877
14,B,Control,3,0.295244959777778,0.783839228152319,6.23791496031664,NA,0.5174635390194469,8.032022537102531,141.46240436600002
15,V,Control,8,0.4350829678371022,2.446872815243981,4.826021228321798,2.154532065612647,1.0707067172768638,8.043899387464494,160.66979863
16,B,Algae_Dom,4,0.24838053913465136,1.3158337360905643,5.100287653348851,2.573266989131086,0.9016583513506272,8.060288888668053,180.91056307
18,V,Rubble_Dom,2,0.42693319013448566,2.3427767530318913,19.614721345377156,2.7725621251394053,1.0188167783406563,8.039721699120623,154.67587669875002
19,L,Rubble_Dom,10,0.3282352246726337,1.5315003494301955,4.748489232518398,4.250133118678786,1.23265946,8.056944066354125,118.073467815
21,N,Control,11,0.8826733423473712,4.0737572574350915,13.008187299068885,3.1954009109022934,1.4106826411603846,8.044242640025107,141.673604927
25,M,Rubble_Dom,5,0.41357412658628456,1.727289035537792,15.877491089107904,4.103948629066411,1.2471918606237469,8.031325593128724,109.344693877
27,I,Coral_Dom,9,0.43836789474510657,2.2476368573206105,10.346534706371791,3.2891390444199624,1.1806950536913157,8.052154246251016,124.865744715
28,P,Control,3,0.1682118258669598,1.3097203953610503,2.413782124736522,1.3582757214568808,1.1650337377933446,8.032022537102531,141.46240436600002
33,F,Control,15,0.4464649726217026,2.1463249848965913,3.127974786427072,6.597576931861302,1.915090069482236,8.04040327024681,148.14463757444446
36,W,Rubble_Dom,12,0.5083036131912647,3.3517720372422777,7.341790385314568,2.945230983727906,1.6417078540203192,8.05987093476518,129.195564507
37,C,Control,8,0.4953709075069171,2.8205744887334654,11.366085643868766,2.9457974679711145,1.5248276387535833,8.043899387464494,160.66979863
38,I,Algae_Dom,13,0.5338868981458659,3.4517521295309868,6.913001353573273,3.530216700029511,1.1813376401661122,8.05405603436128,114.140655155
40,A,Coral_Dom,16,0.4971516232992774,2.254493003340608,6.924279397543775,2.9151505307930896,1.122894057,8.032965104067214,116.58651436638888
41,B,Coral_Dom,16,0.2791232749510181,0.6084385129194113,4.619136597568775,2.192125830961178,1.0541550761506746,8.032965104067214,116.58651436638888
43,N,Coral_Dom,6,0.4736702256287747,2.035834007513066,3.3810457654364225,NA,0.9002415156522171,8.044577585126033,115.650420031
46,C,Algae_Dom,1,0.0458756698060527,NA,4.624930954821564,0.720315866,0.8680700094125925,8.039743713602704,162.42704423
48,C,Coral_Dom,16,1.2449032838958043,NA,15.161450539177515,NA,NA,8.032965104067214,116.58651436638888
50,I,Rubble_Dom,12,0.47525488079853,2.303236277619136,13.809276478301062,3.373669963847201,1.2826261618321468,8.05987093476518,129.195564507
51,F,Coral_Dom,6,0.4054171108990126,2.0987959719278844,7.108839398544847,NA,0.9789651331944124,8.044577585126033,115.650420031
53,L,Algae_Dom,1,0.04024268674247371,1.3347243101832114,2.5112060671724175,3.566105148,1.2041352980391882,8.039743713602704,162.42704423
56,A,Algae_Dom,14,0.7279005174175806,2.5829272258384908,13.573366159177391,3.4533337881893917,1.0643371276166425,8.051934858764644,124.460064781
58,A,Control,15,0.5140323785262101,1.2958767058405285,5.3496844074791206,4.36779785,1.197679842375734,8.04040327024681,148.14463757444446
59,K,Algae_Dom,4,0.4381844562153806,2.2552897780835184,6.528822843323723,2.465462083,0.6134208189823724,8.060288888668053,180.91056307
60,J,Control,11,0.15072684365637615,1.575040094902347,4.944918320792104,2.2487703984174106,0.6923061280919196,8.044242640025107,141.673604927
62,R,Rubble_Dom,10,NA,NA,NA,NA,NA,8.056944066354125,118.073467815
63,E,Coral_Dom,9,NA,1.6632531126864385,NA,4.038182673694507,1.3249437294866224,8.052154246251016,124.865744715
64,K,Control,11,0.4686758473872469,2.8614139309460995,11.89559208337862,1.6492236770000783,0.7933677431242823,8.044242640025107,141.673604927
65,D,Control,15,NA,1.7717606568596944,NA,NA,NA,8.04040327024681,148.14463757444446
66,R,Control,15,0.35907157063582346,1.5677839727826222,7.56995699785303,3.078419072,1.1014325838631571,8.04040327024681,148.14463757444446
68,F,Algae_Dom,1,0.362984736886018,1.505470059512639,4.844738775665258,2.6864674450255364,1.0628496247257828,8.039743713602704,162.42704423
71,M,Coral_Dom,7,0.7946010544078358,3.85267380203464,NA,5.7513402490583765,2.128778761827318,8.040484016124932,120.077097918
73,B,Rubble_Dom,5,0.2259441617844178,1.5577372237352445,5.593142630293252,3.2173645540124447,0.7969028923547974,8.031325593128724,109.344693877
74,E,Rubble_Dom,10,0.1979196679699275,2.013096938327514,5.800674404153333,2.5559166063117544,1.007779753,8.056944066354125,118.073467815
76,K,Coral_Dom,7,0.9330987155513236,3.23019188104208,4.990847327503277,3.499153580077276,1.3246126910484095,8.040484016124932,120.077097918
78,L,Control,15,0.5751443177795292,1.7279470185711023,10.655946214875785,NA,0.7746856972760578,8.04040327024681,148.14463757444446
80,S,Rubble_Dom,10,0.5492221630270511,2.0200318138354905,13.944367713956948,5.545389235,1.1580597823963554,8.056944066354125,118.073467815
85,E,Control,11,0.4746075293504334,2.146078686028442,3.936146313275572,2.995562665626947,0.9697030737736532,8.044242640025107,141.673604927
86,E,Algae_Dom,14,0.1804604592623976,0.8298171450150998,4.06688372407545,3.357836216920793,1.4606178059247987,8.051934858764644,124.460064781
90,G,Rubble_Dom,12,0.7574009119469135,4.2996925886337705,14.22007841349782,4.037628822564667,1.541026370042373,8.05987093476518,129.195564507
92,G,Algae_Dom,1,0.7371023406230943,3.3185407633530923,5.224303657943392,3.965215106332312,1.0578721137535017,8.039743713602704,162.42704423
95,L,Coral_Dom,16,0.10963215949134358,0.7376570828602645,3.2516815294400203,2.6226660182682946,0.6988188936575584,8.032965104067214,116.58651436638888
96,N,Rubble_Dom,10,0.33706341278059787,2.3700051618750777,3.7088580542358054,2.372543438498496,0.8992230069017945,8.056944066354125,118.073467815
97,V,Algae_Dom,13,0.22973986729206755,1.0329235994790151,7.211249853754991,1.6570820951011016,0.8065940335945473,8.05405603436128,114.140655155
100,U,Algae_Dom,14,0.38294035401158744,2.4697409526609007,7.042941015846094,3.845138177697647,1.5089229203351966,8.051934858764644,124.460064781
101,U,Coral_Dom,7,0.5077428420047742,2.689657299274026,NA,2.5749039808045038,0.7503897972304606,8.040484016124932,120.077097918
102,I,Control,15,0.3674532327077202,2.007022901194953,2.838935203126701,3.1206367055029176,0.7566490261058428,8.04040327024681,148.14463757444446
104,G,Control,8,0.36061608507240145,1.9144492690746415,4.87593916872399,2.297318003522599,0.8436494615972104,8.043899387464494,160.66979863
106,D,Coral_Dom,7,0.8948912403024328,3.339377701907779,20.85993567138538,3.626419516741998,1.1871768604712007,8.040484016124932,120.077097918
108,F,Rubble_Dom,12,0.6214440215257951,2.7225799858263775,15.87420039062043,2.5236171208395857,1.1066834437857913,8.05987093476518,129.195564507
110,K,Rubble_Dom,5,NA,3.129917434832939,NA,2.7594428871043055,1.0167558297428214,8.031325593128724,109.344693877
111,A,Rubble_Dom,10,0.40180290545056446,1.52660317142497,8.318900733966139,3.0707551601971046,1.3351815946290195,8.056944066354125,118.073467815
113,C,Rubble_Dom,2,0.5824038757405864,2.0216554685768027,21.367773493656607,3.315534722841444,1.2581801608238103,8.039721699120623,154.67587669875002
114,S,Algae_Dom,1,0.10092488248944397,2.180195921678686,4.333254090779632,3.3525213192730208,1.482766549131345,8.039743713602704,162.42704423
115,W,Coral_Dom,6,0.6491508514594875,4.596586003151221,19.80354064699895,3.80974762700241,1.504873730129613,8.044577585126033,115.650420031
117,J,Rubble_Dom,2,0.8299672292557859,4.116595838271655,21.02846503260899,4.066577545108938,1.3384266909179687,8.039721699120623,154.67587669875002
118,N,Algae_Dom,4,0.2422196046513842,1.57984452752046,13.412410604277554,2.0740720663737457,2.246314341530684,8.060288888668053,180.91056307
123,S,Control,8,0.5765620668144413,3.3873536396826465,12.565304064194686,3.0811853513359972,1.0775639130489674,8.043899387464494,160.66979863
125,T,Control,8,0.7397565259038891,4.323205375986267,14.326154784444476,3.007119947647737,1.1309128744645691,8.043899387464494,160.66979863
127,P,Rubble_Dom,2,0.6838126004871964,2.95371412798836,5.313499650894036,3.5071397018664876,1.185209185191424,8.039721699120623,154.67587669875002
128,R,Algae_Dom,13,0.40743831565540867,1.895105632381887,8.2871423173845,1.9580458694598344,0.526050988,8.05405603436128,114.140655155
134,U,Control,11,0.4784352027560808,2.361721476746807,15.810009242066725,2.0950293303709904,1.046802541514413,8.044242640025107,141.673604927
135,P,Algae_Dom,13,0.4620459448541008,4.294169878025904,11.348271503437294,5.3165256059397175,1.678474370260134,8.05405603436128,114.140655155
136,S,Coral_Dom,16,0.7929623806534956,3.674350828845336,15.562585820859768,4.959414059950634,1.1831960360173008,8.032965104067214,116.58651436638888
137,P,Coral_Dom,9,0.22054679460955004,2.0311228243595374,22.768791559878466,2.0773064247126465,1.0033845311274592,8.052154246251016,124.865744715
138,R,Coral_Dom,16,0.2580409626445415,2.199160922123357,9.377638418077971,2.437578365335366,1.1753786990252422,8.032965104067214,116.58651436638888
139,T,Rubble_Dom,12,0.7951921394533169,3.714336400282647,8.853542433556182,3.2993763391042874,1.066448780812557,8.05987093476518,129.195564507
140,V,Coral_Dom,9,0.433388951094289,2.830034036875477,16.07892798009634,3.5432478798260005,1.2836147251661023,8.052154246251016,124.865744715
141,T,Algae_Dom,4,0.5820894969639387,4.2612492131869715,21.22765856401701,2.9780830928210422,0.9450860676112376,8.060288888668053,180.91056307
143,Q,Rubble_Dom,5,NA,NA,NA,NA,NA,8.031325593128724,109.344693877
145,D,Rubble_Dom,5,0.4341515087677866,2.679858991677742,22.524848710174417,1.1054089800213909,0.9903103144762132,8.031325593128724,109.344693877
146,O,Control,11,0.14447285724703832,2.0340150497504697,6.828894242206795,2.1741330669477676,0.5559790044760279,8.044242640025107,141.673604927
147,H,Coral_Dom,6,0.29562401554933765,1.294864131227225,7.0325275287289895,1.6706385913526776,0.5013019254508548,8.044577585126033,115.650420031
148,O,Coral_Dom,6,NA,1.5809009261231337,NA,NA,1.112624577107611,8.044577585126033,115.650420031
149,O,Rubble_Dom,2,0.41595561280443705,1.6476607975184414,7.702881718600687,3.828072983310878,1.5228454362439452,8.039721699120623,154.67587669875002
151,W,Control,3,0.5032734606710484,NA,13.80632615818683,2.7438309804174157,0.951724551,8.032022537102531,141.46240436600002
153,D,Algae_Dom,14,0.438397310091796,2.7424648794370143,7.732427826669743,3.079988574919701,1.1163650091074109,8.051934858764644,124.460064781
155,W,Algae_Dom,4,0.3405549762677192,2.5802811795728493,5.922299099030632,3.4036902683726322,1.061203123550069,8.060288888668053,180.91056307
156,H,Algae_Dom,4,0.6323776514896877,1.7527289518035107,6.7651867653500375,3.211774522184077,1.355288171466163,8.060288888668053,180.91056307
159,H,Rubble_Dom,12,0.34388757426665745,3.938482169113172,15.793724706469645,2.862412675661417,1.3659242433204606,8.05987093476518,129.195564507
161,H,Control,3,0.6756546380722431,0.8831094353326945,21.145137827537237,NA,NA,8.032022537102531,141.46240436600002
162,O,Algae_Dom,14,0.664827904759452,2.428167199133804,20.76613789659384,4.975553998,2.245031861323924,8.051934858764644,124.460064781
202,X,Control,3,0.4530237201623172,NA,9.915957593625926,NA,0.7178934718314155,8.032022537102531,141.46240436600002
203,X,Algae_Dom,14,0.9063565839566812,4.492084263400106,13.945663834882463,NA,1.3212421272067671,8.051934858764644,124.460064781
204,Q,Algae_Dom,13,1.3818015644506174,2.955557303331618,16.522550654816435,4.795952243088642,1.5198642701259033,8.05405603436128,114.140655155
206,Q,Rubble_Dom,2,1.164198328269739,5.266326310052242,19.310419907052445,4.6654480954314925,1.3914799410256449,8.039721699120623,154.67587669875002
207,X,Rubble_Dom,10,0.3033897185974076,3.6424097495048526,4.630490210583145,2.9752638218702825,0.5650312516546602,8.056944066354125,118.073467815
208,X,Coral_Dom,7,0.6634750980125533,3.304644334125025,27.90933925052806,3.1018860020406622,1.0892249367706666,8.040484016124932,120.077097918
210,Q,Coral_Dom,9,0.5867500617615632,3.657958420406086,15.61284049257444,3.137516163212944,0.8558828415387048,8.052154246251016,124.865744715
