TANK_NUM,DATE,TIME,TREATMENT,NPOC_uM,DATETIME
Inflow1,20240602,12:00:00,Inflow,138.7623813,2024-06-02T12:00:00Z
Inflow2,20240602,12:00:00,Inflow,146.0891816,2024-06-02T12:00:00Z
1,20240602,12:00:00,Algae_Dom,215.527266,2024-06-02T12:00:00Z
2,20240602,12:00:00,Rubble_Dom,159.4106366,2024-06-02T12:00:00Z
3,20240602,12:00:00,Control,207.7009111,2024-06-02T12:00:00Z
4,20240602,12:00:00,Algae_Dom,258.3224403,2024-06-02T12:00:00Z
5,20240602,12:00:00,Rubble_Dom,142.1760042,2024-06-02T12:00:00Z
6,20240602,12:00:00,Coral_Dom,183.9720693,2024-06-02T12:00:00Z
7,20240602,12:00:00,Coral_Dom,147.0882907,2024-06-02T12:00:00Z
8,20240602,12:00:00,Control,137.4302358,2024-06-02T12:00:00Z
9,20240602,12:00:00,Coral_Dom,144.8402952,2024-06-02T12:00:00Z
10,20240602,12:00:00,Rubble_Dom,182.7231829,2024-06-02T12:00:00Z
11,20240602,12:00:00,Control,128.688031,2024-06-02T12:00:00Z
12,20240602,12:00:00,Rubble_Dom,152.5001318,2024-06-02T12:00:00Z
13,20240602,12:00:00,Algae_Dom,148.0041408,2024-06-02T12:00:00Z
14,20240602,12:00:00,Algae_Dom,139.0759906,2024-06-02T12:00:00Z
15,20240602,12:00:00,Control,132.8315585,2024-06-02T12:00:00Z
16,20240602,12:00:00,Coral_Dom,140.0750997,2024-06-02T12:00:00Z
Inflow1,20240602,18:00:00,Inflow,113.0158942,2024-06-02T18:00:00Z
Inflow2,20240602,18:00:00,Inflow,103.9406529,2024-06-02T18:00:00Z
1,20240602,18:00:00,Algae_Dom,118.2612171,2024-06-02T18:00:00Z
2,20240602,18:00:00,Rubble_Dom,105.8556121,2024-06-02T18:00:00Z
3,20240602,18:00:00,Control,100.2772528,2024-06-02T18:00:00Z
4,20240602,18:00:00,Algae_Dom,128.0025311,2024-06-02T18:00:00Z
5,20240602,18:00:00,Rubble_Dom,107.6873121,2024-06-02T18:00:00Z
6,20240602,18:00:00,Coral_Dom,128.7518629,2024-06-02T18:00:00Z
7,20240602,18:00:00,Coral_Dom,110.0185668,2024-06-02T18:00:00Z
8,20240602,18:00:00,Control,492.32,2024-06-02T18:00:00Z
9,20240602,18:00:00,Coral_Dom,140.5746543,2024-06-02T18:00:00Z
10,20240602,18:00:00,Rubble_Dom,123.4232809,2024-06-02T18:00:00Z
11,20240602,18:00:00,Control,456.31,2024-06-02T18:00:00Z
12,20240602,18:00:00,Rubble_Dom,123.1735036,2024-06-02T18:00:00Z
13,20240602,18:00:00,Algae_Dom,131.2496357,2024-06-02T18:00:00Z
14,20240602,18:00:00,Algae_Dom,102.8582847,2024-06-02T18:00:00Z
15,20240602,18:00:00,Control,129.0016402,2024-06-02T18:00:00Z
16,20240602,18:00:00,Coral_Dom,134.3302222,2024-06-02T18:00:00Z
Inflow1,20240603,00:00:00,Inflow,318.5825972,2024-06-03T00:00:00Z
Inflow2,20240603,00:00:00,Inflow,322.0794791,2024-06-03T00:00:00Z
1,20240603,00:00:00,Algae_Dom,158.1423231,2024-06-03T00:00:00Z
2,20240603,00:00:00,Rubble_Dom,355.0500803,2024-06-03T00:00:00Z
3,20240603,00:00:00,Control,336.8163388,2024-06-03T00:00:00Z
4,20240603,00:00:00,Algae_Dom,108.6864213,2024-06-03T00:00:00Z
5,20240603,00:00:00,Rubble_Dom,311.4223151,2024-06-03T00:00:00Z
6,20240603,00:00:00,Coral_Dom,94.86541167,2024-06-03T00:00:00Z
7,20240603,00:00:00,Coral_Dom,92.36763886,2024-06-03T00:00:00Z
8,20240603,00:00:00,Control,85.79017043,2024-06-03T00:00:00Z
9,20240603,00:00:00,Coral_Dom,88.78749781,2024-06-03T00:00:00Z
10,20240603,00:00:00,Rubble_Dom,86.87253865,2024-06-03T00:00:00Z
11,20240603,00:00:00,Control,81.54395664,2024-06-03T00:00:00Z
12,20240603,00:00:00,Rubble_Dom,83.70869308,2024-06-03T00:00:00Z
13,20240603,00:00:00,Algae_Dom,362.2103624,2024-06-03T00:00:00Z
14,20240603,00:00:00,Algae_Dom,99.52792094,2024-06-03T00:00:00Z
15,20240603,00:00:00,Control,93.1169707,2024-06-03T00:00:00Z
16,20240603,00:00:00,Coral_Dom,89.45357057,2024-06-03T00:00:00Z
Inflow1,20240603,06:00:00,Inflow,75.06639913,2024-06-03T06:00:00Z
1,20240603,06:00:00,Algae_Dom,84.54128402,2024-06-03T06:00:00Z
2,20240603,06:00:00,Rubble_Dom,79.3792202,2024-06-03T06:00:00Z
3,20240603,06:00:00,Control,71.52788763,2024-06-03T06:00:00Z
4,20240603,06:00:00,Algae_Dom,131.6659312,2024-06-03T06:00:00Z
5,20240603,06:00:00,Rubble_Dom,75.16631004,2024-06-03T06:00:00Z
6,20240603,06:00:00,Coral_Dom,83.37565671,2024-06-03T06:00:00Z
7,20240603,06:00:00,Coral_Dom,99.11162547,2024-06-03T06:00:00Z
8,20240603,06:00:00,Control,82.19754053,2024-06-03T06:00:00Z
9,20240603,06:00:00,Coral_Dom,150.703123,2024-06-03T06:00:00Z
10,20240603,06:00:00,Rubble_Dom,150.703123,2024-06-03T06:00:00Z
11,20240603,06:00:00,Control,97.88,2024-06-03T06:00:00Z
13,20240603,06:00:00,Algae_Dom,116.98319,2024-06-03T06:00:00Z
14,20240603,06:00:00,Algae_Dom,127.2240585,2024-06-03T06:00:00Z
15,20240603,06:00:00,Control,153.1176368,2024-06-03T06:00:00Z
16,20240603,06:00:00,Coral_Dom,91.25612995,2024-06-03T06:00:00Z
Inflow1,20240604,12:00:00,Inflow,89.34117079,2024-06-04T12:00:00Z
Inflow2,20240604,12:00:00,Inflow,92.17197998,2024-06-04T12:00:00Z
1,20240604,12:00:00,Algae_Dom,97.33404381,2024-06-04T12:00:00Z
2,20240604,12:00:00,Rubble_Dom,100.8309258,2024-06-04T12:00:00Z
3,20240604,12:00:00,Control,87.09317525,2024-06-04T12:00:00Z
4,20240604,12:00:00,Algae_Dom,103.744994,2024-06-04T12:00:00Z
5,20240604,12:00:00,Rubble_Dom,90.83983448,2024-06-04T12:00:00Z
6,20240604,12:00:00,Coral_Dom,95.83538012,2024-06-04T12:00:00Z
7,20240604,12:00:00,Coral_Dom,95.08604827,2024-06-04T12:00:00Z
8,20240604,12:00:00,Control,94.91953009,2024-06-04T12:00:00Z
9,20240604,12:00:00,Coral_Dom,96.0851574,2024-06-04T12:00:00Z
10,20240604,12:00:00,Rubble_Dom,93.00457092,2024-06-04T12:00:00Z
11,20240604,12:00:00,Control,88.34206166,2024-06-04T12:00:00Z
12,20240604,12:00:00,Rubble_Dom,92.83805274,2024-06-04T12:00:00Z
13,20240604,12:00:00,Algae_Dom,120.3968128,2024-06-04T12:00:00Z
14,20240604,12:00:00,Algae_Dom,104.4943259,2024-06-04T12:00:00Z
15,20240604,12:00:00,Control,89.92398445,2024-06-04T12:00:00Z
16,20240604,12:00:00,Coral_Dom,93.08783002,2024-06-04T12:00:00Z
Inflow1,20240606,12:00:00,Inflow,155.6986687,2024-06-06T12:00:00Z
Inflow2,20240606,12:00:00,Inflow,164.5241326,2024-06-06T12:00:00Z
1,20240606,12:00:00,Algae_Dom,167.8544964,2024-06-06T12:00:00Z
2,20240606,12:00:00,Rubble_Dom,149.79,2024-06-06T12:00:00Z
3,20240606,12:00:00,Control,133.3852315,2024-06-06T12:00:00Z
4,20240606,12:00:00,Algae_Dom,155.8651869,2024-06-06T12:00:00Z
5,20240606,12:00:00,Rubble_Dom,137.21,2024-06-06T12:00:00Z
6,20240606,12:00:00,Coral_Dom,154.8660777,2024-06-06T12:00:00Z
7,20240606,12:00:00,Coral_Dom,160.2779189,2024-06-06T12:00:00Z
8,20240606,12:00:00,Control,160.3611779,2024-06-06T12:00:00Z
9,20240606,12:00:00,Coral_Dom,169.4364192,2024-06-06T12:00:00Z
10,20240606,12:00:00,Rubble_Dom,147.8723139,2024-06-06T12:00:00Z
11,20240606,12:00:00,Control,166.5223509,2024-06-06T12:00:00Z
12,20240606,12:00:00,Rubble_Dom,146.8732047,2024-06-06T12:00:00Z
13,20240606,12:00:00,Algae_Dom,154.6995596,2024-06-06T12:00:00Z
14,20240606,12:00:00,Algae_Dom,174.2654466,2024-06-06T12:00:00Z
15,20240606,12:00:00,Control,155.115855,2024-06-06T12:00:00Z
16,20240606,12:00:00,Coral_Dom,155.6154096,2024-06-06T12:00:00Z
Inflow1,20240606,21:00:00,Inflow,481.39,2024-06-06T21:00:00Z
1,20240606,21:00:00,Algae_Dom,106.84362,2024-06-06T21:00:00Z
2,20240606,21:00:00,Rubble_Dom,114.5034566,2024-06-06T21:00:00Z
3,20240606,21:00:00,Control,123.9117343,2024-06-06T21:00:00Z
4,20240606,21:00:00,Algae_Dom,106.5105836,2024-06-06T21:00:00Z
5,20240606,21:00:00,Rubble_Dom,102.7639244,2024-06-06T21:00:00Z
6,20240606,21:00:00,Coral_Dom,89.77550573,2024-06-06T21:00:00Z
7,20240606,21:00:00,Coral_Dom,104.8454017,2024-06-06T21:00:00Z
8,20240606,21:00:00,Control,95.02082865,2024-06-06T21:00:00Z
9,20240606,21:00:00,Coral_Dom,139.3979257,2024-06-06T21:00:00Z
10,20240606,21:00:00,Rubble_Dom,95.93667868,2024-06-06T21:00:00Z
11,20240606,21:00:00,Control,106.2608063,2024-06-06T21:00:00Z
12,20240606,21:00:00,Rubble_Dom,98.01815603,2024-06-06T21:00:00Z
13,20240606,21:00:00,Algae_Dom,93.60542405,2024-06-06T21:00:00Z
14,20240606,21:00:00,Algae_Dom,94.85431046,2024-06-06T21:00:00Z
15,20240606,21:00:00,Control,102.430888,2024-06-06T21:00:00Z
16,20240606,21:00:00,Coral_Dom,92.77283311,2024-06-06T21:00:00Z
Inflow1,20240611,12:00:00,Inflow,367.43,2024-06-11T12:00:00Z
Inflow2,20240611,12:00:00,Inflow,83.2812964,2024-06-11T12:00:00Z
1,20240611,12:00:00,Algae_Dom,298.5893134,2024-06-11T12:00:00Z
2,20240611,12:00:00,Rubble_Dom,435.16,2024-06-11T12:00:00Z
3,20240611,12:00:00,Control,84.03062825,2024-06-11T12:00:00Z
4,20240611,12:00:00,Algae_Dom,294.0100632,2024-06-11T12:00:00Z
5,20240611,12:00:00,Rubble_Dom,147.0577624,2024-06-11T12:00:00Z
6,20240611,12:00:00,Coral_Dom,129.4068345,2024-06-11T12:00:00Z
7,20240611,12:00:00,Coral_Dom,118.2501159,2024-06-11T12:00:00Z
8,20240611,12:00:00,Control,139.4811848,2024-06-11T12:00:00Z
9,20240611,12:00:00,Coral_Dom,192.6004868,2024-06-11T12:00:00Z
10,20240611,12:00:00,Rubble_Dom,129.906389,2024-06-11T12:00:00Z
11,20240611,12:00:00,Control,198.4286234,2024-06-11T12:00:00Z
12,20240611,12:00:00,Rubble_Dom,119.6655205,2024-06-11T12:00:00Z
13,20240611,12:00:00,Algae_Dom,123.1624024,2024-06-11T12:00:00Z
14,20240611,12:00:00,Algae_Dom,171.7024542,2024-06-11T12:00:00Z
15,20240611,12:00:00,Control,138.6,2024-06-11T12:00:00Z
16,20240611,12:00:00,Coral_Dom,108.8418382,2024-06-11T12:00:00Z
Inflow1,20240611,21:00:00,Inflow,88.69313751,2024-06-11T21:00:00Z
Inflow2,20240611,21:00:00,Inflow,109.2581337,2024-06-11T21:00:00Z
1,20240611,21:00:00,Algae_Dom,109.1748746,2024-06-11T21:00:00Z
2,20240611,21:00:00,Rubble_Dom,458.81,2024-06-11T21:00:00Z
3,20240611,21:00:00,Control,142.9780668,2024-06-11T21:00:00Z
4,20240611,21:00:00,Algae_Dom,137.3997075,2024-06-11T21:00:00Z
5,20240611,21:00:00,Rubble_Dom,107.5096927,2024-06-11T21:00:00Z
6,20240611,21:00:00,Coral_Dom,68.06153402,2024-06-11T21:00:00Z
7,20240611,21:00:00,Coral_Dom,90.02528301,2024-06-11T21:00:00Z
8,20240611,21:00:00,Control,477.96,2024-06-11T21:00:00Z
9,20240611,21:00:00,Coral_Dom,78.39398758,2024-06-11T21:00:00Z
10,20240611,21:00:00,Rubble_Dom,75.43828975,2024-06-11T21:00:00Z
11,20240611,21:00:00,Control,203.7023931,2024-06-11T21:00:00Z
12,20240611,21:00:00,Rubble_Dom,94.29994366,2024-06-11T21:00:00Z
13,20240611,21:00:00,Algae_Dom,139.9259272,2024-06-11T21:00:00Z
14,20240611,21:00:00,Algae_Dom,91.30261628,2024-06-11T21:00:00Z
15,20240611,21:00:00,Control,235.2575898,2024-06-11T21:00:00Z
16,20240611,21:00:00,Coral_Dom,109.7861351,2024-06-11T21:00:00Z
Inflow1,20240616,12:00:00,Inflow,106.7055487,2024-06-16T12:00:00Z
Inflow2,20240616,12:00:00,Inflow,89.6374344,2024-06-16T12:00:00Z
7,20240616,12:00:00,Coral_Dom,89.13787983,2024-06-16T12:00:00Z
8,20240616,12:00:00,Control,199.7059566,2024-06-16T12:00:00Z
9,20240616,12:00:00,Coral_Dom,96.63119829,2024-06-16T12:00:00Z
10,20240616,12:00:00,Rubble_Dom,83.30974326,2024-06-16T12:00:00Z
11,20240616,12:00:00,Control,151.8319776,2024-06-16T12:00:00Z
12,20240616,12:00:00,Rubble_Dom,142.3404409,2024-06-16T12:00:00Z
13,20240616,12:00:00,Algae_Dom,92.71802088,2024-06-16T12:00:00Z
14,20240616,12:00:00,Algae_Dom,99.87830296,2024-06-16T12:00:00Z
15,20240616,12:00:00,Control,90.47002534,2024-06-16T12:00:00Z
16,20240616,12:00:00,Coral_Dom,148.1685775,2024-06-16T12:00:00Z
Inflow1,20240616,21:00:00,Inflow,78.26424216,2024-06-16T21:00:00Z
Inflow2,20240616,21:00:00,Inflow,76.83218575,2024-06-16T21:00:00Z
1,20240616,21:00:00,Algae_Dom,119.1944128,2024-06-16T21:00:00Z
2,20240616,21:00:00,Rubble_Dom,180.3898468,2024-06-16T21:00:00Z
3,20240616,21:00:00,Control,157.9931506,2024-06-16T21:00:00Z
4,20240616,21:00:00,Algae_Dom,119.3609309,2024-06-16T21:00:00Z
5,20240616,21:00:00,Rubble_Dom,74.06798383,2024-06-16T21:00:00Z
6,20240616,21:00:00,Coral_Dom,81.14500681,2024-06-16T21:00:00Z
7,20240616,21:00:00,Coral_Dom,77.84794669,2024-06-16T21:00:00Z
8,20240616,21:00:00,Control,73.56842926,2024-06-16T21:00:00Z
9,20240616,21:00:00,Coral_Dom,114.8649399,2024-06-16T21:00:00Z
10,20240616,21:00:00,Rubble_Dom,94.29994366,2024-06-16T21:00:00Z
11,20240616,21:00:00,Control,70.65436097,2024-06-16T21:00:00Z
12,20240616,21:00:00,Rubble_Dom,77.92287988,2024-06-16T21:00:00Z
13,20240616,21:00:00,Algae_Dom,76.80720802,2024-06-16T21:00:00Z
14,20240616,21:00:00,Algae_Dom,82.56041141,2024-06-16T21:00:00Z
15,20240611,21:00:00,Control,79.81286131,2024-06-11T21:00:00Z
16,20240611,21:00:00,Coral_Dom,74.53423475,2024-06-11T21:00:00Z
Inflow1,20240620,21:00:00,Inflow,122.7745538,2024-06-20T21:00:00Z
Inflow2,20240620,21:00:00,Inflow,146.5033956,2024-06-20T21:00:00Z
1,20240620,21:00:00,Algae_Dom,147.8355411,2024-06-20T21:00:00Z
2,20240620,21:00:00,Rubble_Dom,196.458852,2024-06-20T21:00:00Z
3,20240620,21:00:00,Control,96.38142101,2024-06-20T21:00:00Z
4,20240620,21:00:00,Algae_Dom,168.0675009,2024-06-20T21:00:00Z
5,20240620,21:00:00,Rubble_Dom,75.52501797,2024-06-20T21:00:00Z
6,20240620,21:00:00,Coral_Dom,78.86370764,2024-06-20T21:00:00Z
7,20240620,21:00:00,Coral_Dom,85.23094685,2024-06-20T21:00:00Z
8,20240620,21:00:00,Control,84.02368999,2024-06-20T21:00:00Z
9,20240620,21:00:00,Coral_Dom,76.09742424,2024-06-20T21:00:00Z
10,20240620,21:00:00,Rubble_Dom,84.5648741,2024-06-20T21:00:00Z
11,20240620,21:00:00,Control,149.8400038,2024-06-20T21:00:00Z
12,20240620,21:00:00,Rubble_Dom,206.4561877,2024-06-20T21:00:00Z
13,20240620,21:00:00,Algae_Dom,86.64635145,2024-06-20T21:00:00Z
14,20240620,21:00:00,Algae_Dom,137.600917,2024-06-20T21:00:00Z
15,20240620,21:00:00,Control,92.8907835,2024-06-20T21:00:00Z
16,20240620,21:00:00,Coral_Dom,94.38944719,2024-06-20T21:00:00Z
Inflow1,20240620,12:00:00,Inflow,104.5470567,2024-06-20T12:00:00Z
Inflow2,20240620,12:00:00,Inflow,99.05195645,2024-06-20T12:00:00Z
1,20240620,12:00:00,Algae_Dom,124.5292392,2024-06-20T12:00:00Z
2,20240620,12:00:00,Rubble_Dom,97.05373819,2024-06-20T12:00:00Z
3,20240620,12:00:00,Control,102.5488384,2024-06-20T12:00:00Z
4,20240620,12:00:00,Algae_Dom,191.8858462,2024-06-20T12:00:00Z
5,20240620,12:00:00,Rubble_Dom,90.89256524,2024-06-20T12:00:00Z
6,20240620,12:00:00,Coral_Dom,105.2963885,2024-06-20T12:00:00Z
7,20240620,12:00:00,Coral_Dom,180.9789049,2024-06-20T12:00:00Z
8,20240620,12:00:00,Control,101.7162475,2024-06-20T12:00:00Z
9,20240620,12:00:00,Coral_Dom,91.55447504,2024-06-20T12:00:00Z
10,20240620,12:00:00,Rubble_Dom,103.96008,2024-06-20T12:00:00Z
11,20240620,12:00:00,Control,112.1194712,2024-06-20T12:00:00Z
12,20240620,12:00:00,Rubble_Dom,101.3790481,2024-06-20T12:00:00Z
13,20240620,12:00:00,Algae_Dom,77.83337635,2024-06-20T12:00:00Z
14,20240620,12:00:00,Algae_Dom,114.2842077,2024-06-20T12:00:00Z
15,20240620,12:00:00,Control,375.8010219,2024-06-20T12:00:00Z
16,20240620,12:00:00,Coral_Dom,88.89018403,2024-06-20T12:00:00Z
C1,20240626,14:00:00,Algae_Dom,159.1608593,2024-06-26T14:00:00Z
C2,20240626,14:00:00,Algae_Dom,126.5232945,2024-06-26T14:00:00Z
C3,20240626,14:00:00,Rubble_Dom,184.3051057,2024-06-26T14:00:00Z
C4,20240626,14:00:00,Rubble_Dom,130.1866946,2024-06-26T14:00:00Z
C5,20240626,14:00:00,Control,99.29757078,2024-06-26T14:00:00Z
C6,20240626,14:00:00,Control,98.63149803,2024-06-26T14:00:00Z
C7,20240626,14:00:00,Algae_Dom,157.9119729,2024-06-26T14:00:00Z
C8,20240626,14:00:00,Algae_Dom,91.80425232,2024-06-26T14:00:00Z
C9,20240626,14:00:00,Rubble_Dom,96.71653886,2024-06-26T14:00:00Z
C10,20240626,14:00:00,Rubble_Dom,101.9618618,2024-06-26T14:00:00Z
C11,20240626,14:00:00,Coral_Dom,89.38973859,2024-06-26T14:00:00Z
C12,20240626,14:00:00,Coral_Dom,94.71832061,2024-06-26T14:00:00Z
C13,20240626,14:00:00,Coral_Dom,175.3131236,2024-06-26T14:00:00Z
C14,20240626,14:00:00,Coral_Dom,104.4596346,2024-06-26T14:00:00Z
C15,20240626,14:00:00,Control,125.2744081,2024-06-26T14:00:00Z
C16,20240626,14:00:00,Control,226.4342073,2024-06-26T14:00:00Z
